{
    "display" : {
        "icon" : {
            "item" : "pixelmon:pixelmon_sprite",
            "nbt" : "{ndex:493, palette:\"none\", form:\"\"}"
        },
        "title" : {
            "translate" : "God of pokemon!"
        },
        "description" : {
            "translate" : "Catch Arceus."
        },
        "hidden": false
    },
    "parent" : "pixelmon:legendaries/legendary_capture_trigger",
    "criteria" : {
        "zamazenta_capture" : {
            "trigger" : "pixelmon:legendary_capture_trigger",
            "conditions" : {
                "pokemon" : "arceus"
            }
        }
    }
}