{
    "display" : {
        "icon" : {
            "item" : "pixelmon:pixelmon_sprite",
            "nbt" : "{ndex:487, palette:\"none\", form:\"altered\"}"
        },
        "title" : {
            "translate" : "Placeholder!"
        },
        "description" : {
            "translate" : "Catch Giratina."
        },
        "hidden": false
    },
    "parent" : "pixelmon:legendaries/legendary_capture_trigger",
    "criteria" : {
        "zamazenta_capture" : {
            "trigger" : "pixelmon:legendary_capture_trigger",
            "conditions" : {
                "pokemon" : "giratina"
            }
        }
    }
}