{
    "display" : {
        "icon" : {
            "item" : "pixelmon:pixelmon_sprite",
            "nbt" : "{ndex:484, palette:\"none\", form:\"\"}"
        },
        "title" : {
            "translate" : "Never enough space!"
        },
        "description" : {
            "translate" : "Catch Palkia."
        },
        "hidden": false
    },
    "parent" : "pixelmon:legendaries/legendary_capture_trigger",
    "criteria" : {
        "zamazenta_capture" : {
            "trigger" : "pixelmon:legendary_capture_trigger",
            "conditions" : {
                "pokemon" : "palkia"
            }
        }
    }
}