{
    "display" : {
        "icon" : {
            "item" : "pixelmon:pixelmon_sprite",
            "nbt" : "{ndex:889, palette:\"none\", form:\"crowned\"}"
        },
        "title" : {
            "translate" : "Defence is the best offence!"
        },
        "description" : {
            "translate" : "Catch Zamazenta."
        },
        "hidden": false
    },
    "parent" : "pixelmon:legendaries/legendary_capture_trigger",
    "criteria" : {
        "zamazenta_capture" : {
            "trigger" : "pixelmon:legendary_capture_trigger",
            "conditions" : {
                "pokemon" : "zamazenta"
            }
        }
    }
}